City_ID,City,Lat,Lng,Max Temp,Humidity,Cloudiness,Wind Speed,Country,Date
0,Romny,50.751,33.4747,62.56,59,90,6.13,UA,2021-08-05 03:18:57
1,Alice,27.7523,-98.0697,84.31,92,90,5.75,US,2021-08-05 03:20:40
2,Alofi,-19.0595,-169.9187,73.29,78,92,6.91,NU,2021-08-05 03:20:40
3,Troitsko-Pechorsk,62.7084,56.1964,60.04,88,100,4.18,RU,2021-08-05 03:20:40
4,Hilo,19.7297,-155.09,80.33,73,75,6.91,US,2021-08-05 03:20:41
5,Hermanus,-34.4187,19.2345,52.9,95,53,8.95,ZA,2021-08-05 03:20:41
6,Tasiilaq,65.6145,-37.6368,48.36,79,99,1.63,GL,2021-08-05 03:16:25
7,Ushuaia,-54.8,-68.3,46.06,76,40,0.0,AR,2021-08-05 03:20:42
8,Cabo San Lucas,22.8909,-109.9124,85.51,50,84,3.0,MX,2021-08-05 03:20:42
9,Ancud,-41.8697,-73.8203,50.23,89,100,18.77,CL,2021-08-05 03:20:42
10,Nanortalik,60.1432,-45.2371,44.71,97,100,3.53,GL,2021-08-05 03:20:43
11,Thompson,55.7435,-97.8558,50.16,76,20,2.3,CA,2021-08-05 03:17:27
12,Sola,-13.8833,167.55,77.67,94,90,0.0,VU,2021-08-05 03:20:44
13,Agbor,6.2518,6.1934,72.43,97,100,3.24,NG,2021-08-05 03:20:44
14,Zarate,-34.0981,-59.0286,50.83,92,2,5.95,AR,2021-08-05 03:19:57
15,Cravo Norte,6.3017,-70.2041,72.77,88,100,3.29,CO,2021-08-05 03:20:44
16,Mataura,-46.1927,168.8643,48.87,67,100,3.91,NZ,2021-08-05 03:20:45
17,Chuy,-33.6971,-53.4616,49.33,96,78,5.23,UY,2021-08-05 03:20:45
18,Port Alfred,-33.5906,26.891,63.18,88,74,8.88,ZA,2021-08-05 03:20:45
19,Sao Joao Da Barra,-21.6403,-41.0511,63.46,88,19,11.01,BR,2021-08-05 03:20:47
20,Poopo,-18.3667,-66.9667,35.15,81,100,9.46,BO,2021-08-05 03:20:47
21,Busselton,-33.65,115.3333,61.05,68,0,6.26,AU,2021-08-05 03:20:47
22,Butaritari,3.0707,172.7902,82.69,65,9,7.38,KI,2021-08-05 03:20:48
23,Mandalgovi,45.7625,106.2708,68.36,41,0,9.98,MN,2021-08-05 03:20:48
24,Punta Arenas,-53.15,-70.9167,46.51,71,0,9.22,CL,2021-08-05 03:20:48
25,Inhambane,-23.865,35.3833,61.93,78,0,4.45,MZ,2021-08-05 03:19:22
26,New Norfolk,-42.7826,147.0587,56.7,64,100,3.0,AU,2021-08-05 03:16:16
27,Ballina,-28.8667,153.5667,68.18,38,0,6.93,AU,2021-08-05 03:20:49
28,Petropavlovsk-Kamchatskiy,53.0452,158.6483,66.79,32,75,20.13,RU,2021-08-05 03:20:49
29,Ponta Do Sol,32.6667,-17.1,75.0,82,1,2.89,PT,2021-08-05 03:20:49
30,Dwarka,22.2394,68.9678,81.64,82,100,17.67,IN,2021-08-05 03:20:50
31,Bredasdorp,-34.5322,20.0403,56.52,94,32,2.3,ZA,2021-08-05 03:16:49
32,Teya,60.3778,92.6267,76.24,47,46,7.14,RU,2021-08-05 03:20:50
33,Kamenka,51.3223,42.7678,64.94,65,32,2.44,RU,2021-08-05 03:20:50
34,Namatanai,-3.6667,152.4333,84.96,70,66,4.09,PG,2021-08-05 03:20:51
35,Coihaique,-45.5752,-72.0662,30.15,93,100,3.44,CL,2021-08-05 03:17:57
36,Juba,4.8517,31.5825,68.97,91,11,0.38,SS,2021-08-05 03:20:51
37,Lata,40.1629,-8.3327,64.04,97,17,1.92,PT,2021-08-05 03:20:51
38,Vaini,-21.2,-175.2,73.56,68,20,8.05,TO,2021-08-05 03:20:52
39,Laguna,38.421,-121.4238,90.1,47,1,5.01,US,2021-08-05 03:17:57
40,Hobart,-42.8794,147.3294,57.06,65,75,5.01,AU,2021-08-05 03:20:18
41,Kapaa,22.0752,-159.319,84.52,75,1,4.0,US,2021-08-05 03:16:09
42,Svetlyy,54.675,20.1347,51.85,83,0,2.26,RU,2021-08-05 03:20:52
43,Castro,-24.7911,-50.0119,47.89,96,76,6.08,BR,2021-08-05 03:20:52
44,Guerrero Negro,27.9769,-114.0611,71.85,80,5,13.38,MX,2021-08-05 03:16:47
45,Puerto Boyaca,5.9758,-74.5885,75.49,77,75,0.98,CO,2021-08-05 03:20:53
46,Thames,-37.1333,175.5333,61.38,86,100,4.99,NZ,2021-08-05 03:20:53
47,Karratha,-20.7377,116.8463,77.34,23,20,27.78,AU,2021-08-05 03:17:00
48,Provideniya,64.3833,-173.3,59.11,67,75,4.47,RU,2021-08-05 03:20:53
49,Lavrentiya,65.5833,-171.0,58.15,80,33,14.09,RU,2021-08-05 03:20:54
50,Qaanaaq,77.484,-69.3632,41.29,69,7,5.61,GL,2021-08-05 03:20:54
51,Hambantota,6.1241,81.1185,83.34,71,82,20.47,LK,2021-08-05 03:20:54
52,Morondava,-20.2833,44.2833,72.21,63,100,5.12,MG,2021-08-05 03:20:54
53,Kununurra,-15.7667,128.7333,78.78,17,99,12.66,AU,2021-08-05 03:16:55
54,Lasa,46.6166,10.7002,54.48,98,100,6.22,IT,2021-08-05 03:20:55
55,Mar Del Plata,-38.0023,-57.5575,48.09,1,0,15.01,AR,2021-08-05 03:20:55
56,Constitucion,-35.3333,-72.4167,52.09,86,100,10.58,CL,2021-08-05 03:15:56
57,East London,-33.0153,27.9116,65.01,87,95,6.78,ZA,2021-08-05 03:20:55
58,Tuxpan,19.55,-103.4,67.14,99,100,2.06,MX,2021-08-05 03:20:56
59,Victoria,22.2855,114.1577,85.32,87,100,5.99,HK,2021-08-05 03:19:13
60,Puro,12.4841,123.3827,87.26,65,81,13.98,PH,2021-08-05 03:20:56
61,High Level,58.5169,-117.136,66.31,68,90,3.44,CA,2021-08-05 03:20:56
62,Khatanga,71.9667,102.5,74.44,28,67,13.71,RU,2021-08-05 03:20:57
63,Roma,43.2128,-75.4557,67.86,86,1,0.0,US,2021-08-05 03:20:57
64,Fairbanks,64.8378,-147.7164,82.4,44,40,8.05,US,2021-08-05 03:20:57
65,Bathurst,-33.4166,149.5806,49.96,75,100,5.01,AU,2021-08-05 03:18:03
66,Solnechnyy,50.7214,136.6319,64.81,78,97,1.92,RU,2021-08-05 03:20:58
67,Kaitangata,-46.2817,169.8464,52.93,71,100,13.27,NZ,2021-08-05 03:20:58
68,Pitimbu,-7.4706,-34.8086,70.39,88,54,10.42,BR,2021-08-05 03:20:58
69,Bengkulu,-3.8004,102.2655,81.72,70,95,3.98,ID,2021-08-05 03:17:27
70,Tiksi,71.6872,128.8694,45.55,77,4,11.48,RU,2021-08-05 03:16:38
71,Kavaratti,10.5669,72.642,82.18,79,100,19.15,IN,2021-08-05 03:20:59
72,Codrington,-38.2667,141.9667,55.24,81,100,14.83,AU,2021-08-05 03:20:59
73,Lebu,-37.6167,-73.65,52.27,83,100,18.92,CL,2021-08-05 03:20:59
74,Narsaq,60.9167,-46.05,44.82,86,92,2.1,GL,2021-08-05 03:21:00
75,Clyde River,70.4692,-68.5914,35.83,100,90,9.22,CA,2021-08-05 03:21:00
76,Parli,18.8486,76.5297,77.61,76,100,15.95,IN,2021-08-05 03:21:00
77,Puerto Ayora,-0.7393,-90.3518,71.55,81,49,4.0,EC,2021-08-05 03:19:48
78,Barrow,71.2906,-156.7887,55.42,67,1,11.5,US,2021-08-05 03:21:01
79,Rio Claro,-22.4114,-47.5614,49.8,76,77,6.78,BR,2021-08-05 03:21:01
80,Rikitea,-23.1203,-134.9692,73.09,71,7,16.42,PF,2021-08-05 03:21:01
81,Lorengau,-2.0226,147.2712,86.31,62,14,4.34,PG,2021-08-05 03:21:02
82,Mackay,-21.15,149.2,73.04,44,6,16.64,AU,2021-08-05 03:21:02
83,Vung Tau,10.346,107.0843,84.43,72,100,15.35,VN,2021-08-05 03:19:53
84,Bluff,-46.6,168.3333,46.87,70,100,5.64,NZ,2021-08-05 03:21:02
85,Katsuura,35.1333,140.3,91.51,68,1,10.8,JP,2021-08-05 03:21:03
86,Avarua,-21.2078,-159.775,75.25,73,20,4.61,CK,2021-08-05 03:21:03
87,Salalah,17.0151,54.0924,78.89,94,90,6.91,OM,2021-08-05 03:21:03
88,Puerto Parra,6.6515,-74.0573,76.46,83,93,0.51,CO,2021-08-05 03:21:04
89,Esmeraldas,-19.7625,-44.3139,63.46,80,94,5.44,BR,2021-08-05 03:21:04
90,Shirgaon,19.7,72.7,82.42,81,62,16.91,IN,2021-08-05 03:21:04
91,Vardo,70.3705,31.1107,46.6,85,100,22.39,NO,2021-08-05 03:21:05
92,Ordzhonikidze,52.4411,61.7408,76.48,51,49,0.96,KZ,2021-08-05 03:21:05
93,Quime,-16.9833,-67.2167,42.44,74,66,1.63,BO,2021-08-05 03:21:05
94,Berlevag,70.8578,29.0864,47.46,90,100,19.19,NO,2021-08-05 03:21:06
95,Satipo,-11.2522,-74.6386,70.12,64,88,1.86,PE,2021-08-05 03:21:06
96,Chudovo,59.1167,31.6833,50.81,79,94,2.01,RU,2021-08-05 03:21:06
97,Panguma,8.1833,-11.1333,69.94,99,100,1.43,SL,2021-08-05 03:21:06
98,Nuevitas,21.5453,-77.2644,72.84,86,14,4.41,CU,2021-08-05 03:21:07
99,Wanxian,30.8039,108.3897,91.54,64,7,4.54,CN,2021-08-05 03:21:07
100,Hasaki,35.7333,140.8333,95.29,70,0,8.03,JP,2021-08-05 03:21:07
101,Bethel,41.3712,-73.414,67.73,87,90,0.0,US,2021-08-05 03:21:08
102,Yumen,40.2833,97.2,83.1,13,92,14.09,CN,2021-08-05 03:21:08
103,Henties Bay,-22.116,14.2845,55.85,81,8,6.13,NA,2021-08-05 03:17:09
104,Avera,33.194,-82.5271,75.7,74,8,4.45,US,2021-08-05 03:21:09
105,Sindor,62.8629,51.8905,58.82,70,91,6.26,RU,2021-08-05 03:21:09
106,Acapulco,16.8634,-99.8901,79.52,82,100,4.43,MX,2021-08-05 03:21:09
107,Hami,42.8,93.45,95.61,8,82,8.12,CN,2021-08-05 03:21:10
108,Storforshei,66.4043,14.5233,50.67,77,100,1.72,NO,2021-08-05 03:21:10
109,Barahona,18.2085,-71.1008,78.91,85,94,4.12,DO,2021-08-05 03:21:10
110,Phan Thiet,10.9333,108.1,87.39,61,100,18.07,VN,2021-08-05 03:21:10
111,Mount Gambier,-37.8333,140.7667,53.51,94,90,19.57,AU,2021-08-05 03:21:11
112,Ola,59.5833,151.2833,56.68,45,92,4.45,RU,2021-08-05 03:21:11
113,Aswan,24.0934,32.907,92.97,14,60,3.94,EG,2021-08-05 03:21:11
114,Leningradskiy,69.3833,178.4167,43.65,85,100,4.92,RU,2021-08-05 03:21:12
115,Guaratuba,-25.8828,-48.5747,64.8,93,99,6.2,BR,2021-08-05 03:21:12
116,Cape Town,-33.9258,18.4232,58.87,95,75,3.0,ZA,2021-08-05 03:19:57
117,Abu Dhabi,24.4667,54.3667,87.91,94,20,2.3,AE,2021-08-05 03:18:02
118,Kisangani,0.5167,25.2,70.77,90,43,2.55,CD,2021-08-05 03:21:13
119,Isangel,-19.55,169.2667,80.71,57,40,2.3,VU,2021-08-05 03:21:13
120,Zabrze,50.3249,18.7858,61.99,92,100,1.01,PL,2021-08-05 03:21:13
121,Upernavik,72.7868,-56.1549,45.37,70,3,2.95,GL,2021-08-05 03:21:14
122,Marilia,-22.2139,-49.9458,53.51,76,97,11.54,BR,2021-08-05 03:21:14
123,Port Hardy,50.6996,-127.4199,73.58,60,75,9.22,CA,2021-08-05 03:21:14
124,Nikolskoye,59.7035,30.7861,53.8,74,28,2.08,RU,2021-08-05 03:21:14
125,Norman Wells,65.282,-126.8329,59.04,63,75,10.36,CA,2021-08-05 03:21:15
126,Bac Lieu,9.285,105.7244,86.31,67,100,16.67,VN,2021-08-05 03:21:15
127,Albany,42.6001,-73.9662,66.15,83,100,2.06,US,2021-08-05 03:21:15
128,Airai,-8.9266,125.4092,73.42,49,28,6.13,TL,2021-08-05 03:21:16
129,Vila Velha,-20.3297,-40.2925,67.95,83,40,11.5,BR,2021-08-05 03:21:16
130,Saint-Philippe,-21.3585,55.7679,65.79,81,82,15.77,RE,2021-08-05 03:21:16
131,Ribeira Grande,38.5167,-28.7,72.39,90,0,6.6,PT,2021-08-05 03:21:17
132,Kharan,28.5833,65.4167,89.1,12,53,8.05,PK,2021-08-05 03:21:17
133,Bathsheba,13.2167,-59.5167,79.41,78,20,8.05,BB,2021-08-05 03:21:17
134,Northam,51.0333,-4.2167,61.02,93,47,12.71,GB,2021-08-05 03:21:18
135,Rauma,61.1272,21.5113,44.64,76,21,6.76,FI,2021-08-05 03:21:18
136,Saint George,37.1041,-113.5841,102.79,11,1,3.0,US,2021-08-05 03:19:49
137,Vytegra,61.0064,36.4481,51.84,76,14,3.27,RU,2021-08-05 03:21:18
138,Niamey,13.5137,2.1098,80.89,69,20,8.05,NE,2021-08-05 03:21:19
139,Tessalit,20.1986,1.0114,91.58,31,31,8.55,ML,2021-08-05 03:21:19
140,Randolph,35.7001,-79.8164,71.85,83,90,0.0,US,2021-08-05 03:21:19
141,Grand Gaube,-20.0064,57.6608,68.4,74,68,4.0,MU,2021-08-05 03:17:11
142,Urucara,-2.5364,-57.76,75.42,78,1,3.29,BR,2021-08-05 03:21:20
143,Akyab,20.15,92.9,77.09,97,100,14.56,MM,2021-08-05 03:21:20
144,Dolores,-36.3132,-57.6792,45.48,85,0,7.47,AR,2021-08-05 03:18:24
145,Atuona,-9.8,-139.0333,77.92,66,1,10.42,PF,2021-08-05 03:21:21
146,Naron,43.5167,-8.1528,65.01,90,33,8.84,ES,2021-08-05 03:21:21
147,Kodiak,57.79,-152.4072,62.11,72,90,4.61,US,2021-08-05 03:21:21
148,Kitgum,3.2783,32.8867,63.34,77,43,2.8,UG,2021-08-05 03:21:22
149,Karpathos,35.507,27.2132,81.55,67,0,17.11,GR,2021-08-05 03:21:22
150,Torbay,47.6666,-52.7314,61.68,74,20,12.66,CA,2021-08-05 03:21:22
151,Esperance,-33.8667,121.9,58.35,67,0,6.78,AU,2021-08-05 03:21:23
152,Fort Saint James,54.4333,-124.25,76.69,43,28,3.04,CA,2021-08-05 03:19:17
153,Yangjiang,21.85,111.9667,80.06,89,100,5.61,CN,2021-08-05 03:21:23
154,Sulphur Springs,33.1385,-95.6011,78.82,69,1,3.44,US,2021-08-05 03:21:24
155,Lugovoy,42.9472,72.7644,82.87,27,5,2.19,KZ,2021-08-05 03:21:24
156,Aranos,-24.1333,19.1167,51.67,43,0,6.22,NA,2021-08-05 03:20:28
157,Zapolyarnyy,69.4154,30.8136,47.48,88,95,17.76,RU,2021-08-05 03:21:24
158,Preobrazheniye,42.9019,133.9064,82.27,74,88,9.95,RU,2021-08-05 03:21:25
159,Leh,34.1667,77.5833,61.12,52,10,5.19,IN,2021-08-05 03:21:25
160,Kumylzhenskaya,49.8809,42.5898,68.14,59,59,3.56,RU,2021-08-05 03:21:25
161,Itoman,26.1247,127.6694,82.78,92,75,10.36,JP,2021-08-05 03:21:26
162,Hadishahr,38.8431,45.6635,77.49,38,43,3.98,AZ,2021-08-05 03:21:26
163,Sur,22.5667,59.5289,88.72,66,100,4.56,OM,2021-08-05 03:16:31
164,Tromso,69.6496,18.957,52.45,87,75,1.99,NO,2021-08-05 03:21:26
165,Tuatapere,-46.1333,167.6833,49.75,61,100,2.08,NZ,2021-08-05 03:21:27
166,Basoko,1.2391,23.616,72.64,84,85,1.3,CD,2021-08-05 03:21:27
167,Ilulissat,69.2167,-51.1,46.42,87,32,2.3,GL,2021-08-05 03:21:27
168,Orchard Homes,46.8633,-114.0484,84.34,51,1,0.0,US,2021-08-05 03:21:28
169,Havoysund,70.9963,24.6622,49.08,97,100,7.67,NO,2021-08-05 03:21:28
170,Kohlu,29.8962,69.252,82.92,49,1,2.28,PK,2021-08-05 03:21:28
171,Hopelchen,19.7667,-89.85,86.36,50,29,6.24,MX,2021-08-05 03:21:29
172,Kasiri,8.9412,-13.1148,74.34,93,100,4.16,SL,2021-08-05 03:21:29
173,Comodoro Rivadavia,-45.8667,-67.5,64.26,25,0,17.27,AR,2021-08-05 03:21:29
174,Surt,31.2089,16.5887,82.63,65,0,7.0,LY,2021-08-05 03:21:30
175,Marsh Harbour,26.5412,-77.0636,82.54,70,100,5.46,BS,2021-08-05 03:21:30
176,Los Llanos De Aridane,28.6585,-17.9182,67.75,93,0,13.8,ES,2021-08-05 03:21:30
177,Port Elizabeth,-33.918,25.5701,61.09,94,75,4.61,ZA,2021-08-05 03:21:30
178,Jamestown,42.097,-79.2353,67.64,73,1,4.0,US,2021-08-05 03:21:31
179,Mumford,5.2618,-0.759,74.84,90,84,8.14,GH,2021-08-05 03:21:31
180,Baracoa,20.3467,-74.4958,78.69,85,4,2.84,CU,2021-08-05 03:21:31
181,Camalu,30.85,-116.0667,68.41,79,17,8.46,MX,2021-08-05 03:21:32
182,Kieta,-6.2167,155.6333,82.17,83,78,9.17,PG,2021-08-05 03:21:32
183,Lompoc,34.6391,-120.4579,70.57,83,75,9.22,US,2021-08-05 03:21:32
184,Tongzi,28.7829,105.0877,82.2,77,88,4.83,CN,2021-08-05 03:21:33
185,Boyarka,50.3191,30.2973,66.06,87,0,0.0,UA,2021-08-05 03:21:33
186,Severo-Kurilsk,50.6789,156.125,57.45,61,80,14.23,RU,2021-08-05 03:21:33
187,Carnarvon,-24.8667,113.6333,73.47,31,0,16.11,AU,2021-08-05 03:21:34
188,La Rioja,42.25,-2.5,55.04,89,15,2.1,ES,2021-08-05 03:21:34
189,Wajima,37.4,136.9,92.08,58,20,6.91,JP,2021-08-05 03:21:34
190,Patan,27.6667,85.3333,73.78,78,75,2.3,NP,2021-08-05 03:21:35
191,Sabzevar,36.2126,57.6819,78.08,38,40,6.91,IR,2021-08-05 03:21:35
192,Kudahuvadhoo,2.6708,72.8944,81.41,74,90,2.35,MV,2021-08-05 03:21:35
193,Lagoa,39.05,-27.9833,71.74,91,0,12.24,PT,2021-08-05 03:17:14
194,Klaksvik,62.2266,-6.589,52.72,99,100,7.45,FO,2021-08-05 03:21:36
195,Dikson,73.5069,80.5464,46.0,89,24,1.77,RU,2021-08-05 03:21:36
196,Lewistown,40.5992,-77.5714,69.17,81,1,0.0,US,2021-08-05 03:21:36
197,Souillac,-20.5167,57.5167,68.38,60,40,11.5,MU,2021-08-05 03:17:40
198,Ostrovnoy,68.0531,39.5131,48.33,91,100,22.46,RU,2021-08-05 03:21:37
199,Sao Filipe,14.8961,-24.4956,76.87,89,100,2.01,CV,2021-08-05 03:21:37
200,Barcelos,41.5388,-8.6151,64.85,95,2,1.57,PT,2021-08-05 03:21:37
201,Brownwood,31.7093,-98.9912,83.28,53,10,9.33,US,2021-08-05 03:21:38
202,Dingle,10.9995,122.6711,88.79,62,98,17.78,PH,2021-08-05 03:21:38
203,La Paz,-16.5,-68.15,40.98,75,75,2.3,BO,2021-08-05 03:21:02
204,Egvekinot,66.3167,-179.1667,65.77,57,13,28.23,RU,2021-08-05 03:21:38
205,Chokurdakh,70.6333,147.9167,47.28,60,100,14.9,RU,2021-08-05 03:21:39
206,Ayan,56.45,138.1667,56.44,89,91,4.94,RU,2021-08-05 03:21:39
207,Buraydah,26.326,43.975,81.05,14,5,9.64,SA,2021-08-05 03:21:39
208,Usinsk,65.9939,57.5281,65.1,73,91,5.44,RU,2021-08-05 03:21:40
209,Hinton,53.4001,-117.5857,76.1,48,58,4.81,CA,2021-08-05 03:17:28
210,Pitsunda,43.1592,40.3378,75.38,75,34,5.57,GE,2021-08-05 03:21:40
211,Kokrajhar,26.399,90.2718,85.73,80,100,4.41,IN,2021-08-05 03:21:41
212,Treinta Y Tres,-33.2333,-54.3833,47.97,97,43,6.42,UY,2021-08-05 03:21:41
213,Takoradi,4.8845,-1.7554,74.95,90,57,7.72,GH,2021-08-05 03:18:37
214,Sattenapalle,16.4,80.1833,88.99,53,88,18.59,IN,2021-08-05 03:21:41
215,Srednekolymsk,67.45,153.6833,47.12,74,100,7.07,RU,2021-08-05 03:21:42
216,Djibo,14.1022,-1.6306,82.81,62,58,12.97,BF,2021-08-05 03:21:42
217,Manyana,-23.4,21.7167,51.66,41,2,9.95,BW,2021-08-05 03:21:42
218,Ust-Kulom,61.6864,53.6902,59.13,89,100,5.79,RU,2021-08-05 03:21:42
219,Vostok,46.4856,135.8833,79.47,62,30,4.43,RU,2021-08-05 03:21:43
220,Kathmandu,27.7167,85.3167,73.62,78,75,2.3,NP,2021-08-05 03:21:43
221,Balykshi,47.0667,51.8667,80.6,57,0,8.95,KZ,2021-08-05 03:21:43
222,San Patricio,28.017,-97.5169,84.83,74,95,6.78,US,2021-08-05 03:21:44
223,Kashi,39.4547,75.9797,81.61,22,20,8.95,CN,2021-08-05 03:21:44
224,General Roca,-39.0333,-67.5833,45.0,36,12,19.28,AR,2021-08-05 03:21:44
225,Tumsar,21.3833,79.7333,76.64,90,100,6.8,IN,2021-08-05 03:21:45
226,Vilyuysk,63.7553,121.6247,81.28,29,1,5.23,RU,2021-08-05 03:21:45
227,Cherskiy,68.75,161.3,56.1,62,97,9.62,RU,2021-08-05 03:21:45
228,Ust-Barguzin,53.45,108.9833,62.37,72,94,6.76,RU,2021-08-05 03:21:46
229,Yarke Pole,45.608,34.3172,71.62,65,11,5.97,UA,2021-08-05 03:21:46
230,Sao Luis De Montes Belos,-16.525,-50.3722,66.72,42,100,7.05,BR,2021-08-05 03:21:46
231,Garoua,9.3,13.4,72.68,95,100,3.18,CM,2021-08-05 03:21:46
232,Pipri,19.8,75.5333,77.04,78,100,15.26,IN,2021-08-05 03:21:47
233,Frontera,26.9333,-101.45,82.33,73,60,4.76,MX,2021-08-05 03:21:47
234,Harper,4.375,-7.7169,75.79,85,100,11.36,LR,2021-08-05 03:21:47
235,Talnakh,69.4865,88.3972,77.85,43,5,3.69,RU,2021-08-05 03:21:48
236,Brownsville,25.9018,-97.4975,84.31,78,1,1.01,US,2021-08-05 03:21:48
237,Lyngseidet,69.5763,20.2189,51.89,92,100,6.73,NO,2021-08-05 03:21:48
238,Arraial Do Cabo,-22.9661,-42.0278,66.63,76,18,6.15,BR,2021-08-05 03:21:49
239,Yellowknife,62.456,-114.3525,54.28,71,90,4.61,CA,2021-08-05 03:17:27
240,Zaragoza,41.6561,-0.8773,66.79,66,0,5.01,ES,2021-08-05 03:21:49
241,Adamovka,51.5223,59.9396,80.62,39,71,3.96,RU,2021-08-05 03:21:49
242,Marsabit,2.3284,37.9899,58.05,84,29,17.78,KE,2021-08-05 03:21:50
243,Puerto Carreno,6.189,-67.4859,72.55,92,100,4.79,CO,2021-08-05 03:21:50
244,Assiniboia,49.6334,-105.9845,71.51,60,55,4.61,CA,2021-08-05 03:21:50
245,Mahebourg,-20.4081,57.7,68.29,60,40,11.5,MU,2021-08-05 03:21:51
246,Sitka,57.0531,-135.33,62.49,82,90,10.36,US,2021-08-05 03:21:51
247,Mikhaylovka,50.06,43.2379,67.19,62,68,3.76,RU,2021-08-05 03:21:51
248,Husavik,66.0449,-17.3389,51.71,88,88,4.94,IS,2021-08-05 03:21:52
249,Yulara,-25.2406,130.9889,60.64,31,0,12.66,AU,2021-08-05 03:21:52
250,Ulaanbaatar,47.9077,106.8832,64.53,63,68,4.47,MN,2021-08-05 03:20:22
251,Ust-Uda,54.1742,103.0304,77.72,46,7,3.2,RU,2021-08-05 03:21:52
252,Casper,42.8666,-106.3131,66.79,45,1,12.66,US,2021-08-05 03:21:53
253,Umm Kaddadah,13.6017,26.6876,78.62,62,85,2.33,SD,2021-08-05 03:21:53
254,Vila Franca Do Campo,37.7167,-25.4333,72.01,90,14,5.48,PT,2021-08-05 03:21:53
255,Bereda,43.2686,-7.5406,61.92,100,46,3.22,ES,2021-08-05 03:21:54
256,Warrnambool,-38.3833,142.4833,56.8,83,100,17.36,AU,2021-08-05 03:18:40
257,Tomatlan,19.9333,-105.25,77.5,93,100,1.03,MX,2021-08-05 03:21:54
258,Gat,31.61,34.7642,84.4,47,0,3.24,IL,2021-08-05 03:21:54
259,Naze,28.3667,129.4833,85.12,87,37,21.9,JP,2021-08-05 03:21:55
260,San Policarpo,12.1791,125.5072,89.53,60,97,10.0,PH,2021-08-05 03:21:55
261,Bambous Virieux,-20.3428,57.7575,68.25,60,40,11.5,MU,2021-08-05 03:21:55
262,Marzuq,14.4,46.4667,77.63,67,49,6.04,YE,2021-08-05 03:21:56
263,Kahului,20.8947,-156.47,82.42,63,1,25.32,US,2021-08-05 03:21:56
264,Dahanu,19.9667,72.7333,82.49,83,93,16.96,IN,2021-08-05 03:21:56
265,Okhotsk,59.3833,143.3,61.23,63,90,8.52,RU,2021-08-05 03:21:57
266,Hithadhoo,-0.6,73.0833,81.14,77,100,7.18,MV,2021-08-05 03:21:57
267,Saskylakh,71.9167,114.0833,66.85,29,21,14.41,RU,2021-08-05 03:18:07
268,Tuktoyaktuk,69.4541,-133.0374,60.8,48,40,12.66,CA,2021-08-05 03:17:28
269,Camargo,27.6667,-105.1667,79.54,45,67,8.19,MX,2021-08-05 03:21:57
270,Honghu,29.8206,113.4621,88.65,68,42,10.83,CN,2021-08-05 03:21:58
271,Biak,-0.9131,122.8766,82.58,70,84,6.08,ID,2021-08-05 03:21:58
272,Kavieng,-2.5744,150.7967,84.42,68,38,4.88,PG,2021-08-05 03:21:58
273,Ulladulla,-35.35,150.4667,67.68,45,91,9.53,AU,2021-08-05 03:21:59
274,Portland,45.5234,-122.6762,90.21,42,40,1.01,US,2021-08-05 03:17:11
275,Ler,8.3018,30.1418,69.82,89,60,2.37,SS,2021-08-05 03:21:59
276,Toguchin,55.2353,84.3858,65.53,80,92,5.86,RU,2021-08-05 03:21:59
277,Muravlenko,63.7898,74.523,66.7,71,96,6.42,RU,2021-08-05 03:22:00
278,Point Pleasant,40.0832,-74.0682,71.62,83,100,3.0,US,2021-08-05 03:22:00
279,Harnosand,62.6323,17.9379,50.0,69,70,2.77,SE,2021-08-05 03:22:00
280,Bujaru,-1.515,-48.0447,78.82,94,26,2.77,BR,2021-08-05 03:22:01
281,Verkhnevilyuysk,63.4453,120.3167,80.78,32,8,4.5,RU,2021-08-05 03:22:01
282,Tocopilla,-22.092,-70.1979,61.79,58,0,2.62,CL,2021-08-05 03:22:01
283,Bolshoy Lug,52.0779,104.0919,73.58,50,40,2.8,RU,2021-08-05 03:22:01
284,Port Lincoln,-34.7333,135.8667,59.16,66,87,14.61,AU,2021-08-05 03:22:02
285,Chengde,40.9725,117.9361,82.54,60,83,3.47,CN,2021-08-05 03:22:02
286,Strzelce Krajenskie,52.8773,15.5298,57.11,86,100,6.49,PL,2021-08-05 03:22:03
287,Mandal,25.45,74.5667,75.7,91,100,11.21,IN,2021-08-05 03:22:03
288,Beringovskiy,63.05,179.3167,48.24,95,100,32.41,RU,2021-08-05 03:22:03
289,Vila Do Maio,15.1333,-23.2167,77.79,90,100,5.68,CV,2021-08-05 03:22:03
290,Shu,43.5983,73.7614,86.13,22,12,2.91,KZ,2021-08-05 03:22:04
291,Hualmay,-11.0964,-77.6139,64.11,85,81,7.56,PE,2021-08-05 03:22:04
292,Knokke-Heist,51.3333,3.3333,60.82,86,7,2.77,BE,2021-08-05 03:22:05
293,Aquiraz,-3.9014,-38.3911,80.69,78,62,12.48,BR,2021-08-05 03:22:05
294,Georgetown,5.4112,100.3354,85.95,69,20,1.01,MY,2021-08-05 03:19:41
295,Port Blair,11.6667,92.75,83.48,83,100,20.6,IN,2021-08-05 03:22:05
296,Mandiana,10.6333,-8.6833,70.07,96,100,0.56,GN,2021-08-05 03:22:06
297,Livramento,-3.0254,-60.1803,81.27,88,40,2.3,BR,2021-08-05 03:22:06
298,Rio Gallegos,-51.6226,-69.2181,53.65,32,0,19.57,AR,2021-08-05 03:22:06
299,Tam Ky,15.5667,108.4833,98.58,58,100,6.76,VN,2021-08-05 03:18:54
300,Marinette,45.1,-87.6307,72.05,88,1,3.44,US,2021-08-05 03:18:18
301,Mabaruma,8.2,-59.7833,73.6,93,6,1.63,GY,2021-08-05 03:22:07
302,Griffith,41.5284,-87.4237,75.31,78,1,3.44,US,2021-08-05 03:22:07
303,Bilibino,68.0546,166.4372,55.06,65,100,6.44,RU,2021-08-05 03:18:06
304,Lagos,6.5833,3.75,77.32,93,100,4.94,NG,2021-08-05 03:17:34
305,Sao Jose Da Coroa Grande,-8.8978,-35.1478,72.0,90,55,10.09,BR,2021-08-05 03:22:08
306,Saldanha,-33.0117,17.9442,51.85,93,22,4.5,ZA,2021-08-05 03:22:08
307,Nome,64.5011,-165.4064,69.17,72,75,14.97,US,2021-08-05 03:22:08
308,Dalupirip,16.3258,120.7256,79.21,93,96,6.73,PH,2021-08-05 03:22:09
309,Blytheville,35.9273,-89.919,73.11,83,1,3.0,US,2021-08-05 03:22:09
310,Little Current,45.9793,-81.9248,68.09,87,9,7.36,CA,2021-08-05 03:17:27
311,Jalu,29.0331,21.5482,83.77,32,0,9.28,LY,2021-08-05 03:22:09
312,Kinablangan,7.6947,126.5503,87.03,68,78,7.67,PH,2021-08-05 03:22:10
313,Sucila,21.15,-88.3167,81.0,70,1,8.86,MX,2021-08-05 03:22:10
314,Camacupa,-12.0167,17.4833,54.54,38,0,4.05,AO,2021-08-05 03:19:49
315,Kalmunai,7.4167,81.8167,85.1,65,79,3.29,LK,2021-08-05 03:22:11
316,Natal,-5.795,-35.2094,73.62,83,40,10.36,BR,2021-08-05 03:22:11
317,Bogorodskoye,56.55,37.8833,58.78,79,77,1.28,RU,2021-08-05 03:22:11
318,College,64.8569,-147.8028,82.38,44,75,10.36,US,2021-08-05 03:22:05
319,Saint-Pierre,-21.3393,55.4781,65.88,73,75,14.97,RE,2021-08-05 03:22:12
320,Port Hedland,-20.3167,118.5667,75.25,25,40,23.02,AU,2021-08-05 03:22:12
321,Ixtapa,20.7,-105.2,77.23,88,90,8.05,MX,2021-08-05 03:22:12
322,Manakara,-22.1333,48.0167,65.28,77,91,1.34,MG,2021-08-05 03:22:13
323,Singaparna,-7.3515,108.111,80.31,74,75,3.53,ID,2021-08-05 03:22:13
324,Fortuna,40.5982,-124.1573,57.09,73,90,3.0,US,2021-08-05 03:22:13
325,Shache,38.4167,77.2406,83.46,23,100,6.71,CN,2021-08-05 03:22:14
326,Svetlaya,46.5389,138.3297,76.86,74,95,4.05,RU,2021-08-05 03:22:14
327,Chiang Klang,19.2938,100.8617,85.33,95,98,2.37,TH,2021-08-05 03:22:14
328,Cockburn Town,21.4612,-71.1419,82.58,80,51,20.04,TC,2021-08-05 03:22:14
329,San Juan De La Maguana,18.8059,-71.2299,76.08,91,38,3.6,DO,2021-08-05 03:17:28
330,Bintulu,3.1667,113.0333,73.81,100,40,2.3,MY,2021-08-05 03:22:15
331,Kigoma,-4.8769,29.6267,75.29,60,73,4.03,TZ,2021-08-05 03:22:15
332,Iqaluit,63.7506,-68.5145,42.53,86,75,3.0,CA,2021-08-05 03:22:15
333,Teeli,51.0333,90.2333,64.11,71,99,1.23,RU,2021-08-05 03:22:16
334,Orsha,54.5153,30.4053,56.61,98,100,9.15,BY,2021-08-05 03:22:16
335,Biloela,-24.4167,150.5,67.21,27,3,16.84,AU,2021-08-05 03:22:16
336,Kerema,-7.9631,145.7785,79.32,86,92,13.73,PG,2021-08-05 03:22:17
337,Temir,49.1414,57.13,85.12,26,78,7.99,KZ,2021-08-05 03:20:14
338,Slave Lake,55.2834,-114.769,69.78,73,1,2.3,CA,2021-08-05 03:22:17
339,Rosarito,32.3333,-117.0333,79.03,77,16,9.71,MX,2021-08-05 03:22:18
340,Aklavik,68.2191,-135.0107,68.83,36,5,11.88,CA,2021-08-05 03:22:18
341,Yellapur,14.9667,74.7167,74.53,93,100,6.78,IN,2021-08-05 03:22:18
342,Ludvika,60.1496,15.1878,46.2,64,100,1.43,SE,2021-08-05 03:22:19
343,Salym,60.0625,71.4789,67.86,63,1,0.85,RU,2021-08-05 03:22:19
344,Faanui,-16.4833,-151.75,79.79,70,40,12.86,PF,2021-08-05 03:18:38
345,Pimentel,-6.8367,-79.9342,64.0,85,0,3.0,PE,2021-08-05 03:22:19
346,Tabuk,17.4189,121.4443,89.76,60,52,6.04,PH,2021-08-05 03:22:20
347,Penzance,50.1186,-5.5371,61.48,86,70,19.89,GB,2021-08-05 03:22:20
348,Road Town,18.4167,-64.6167,82.2,78,64,17.98,VG,2021-08-05 03:22:20
349,Orange,33.7,-117.7675,91.81,71,1,8.05,US,2021-08-05 03:22:21
350,Sechura,-5.5569,-80.8222,65.77,79,0,10.38,PE,2021-08-05 03:22:21
351,Ulety,51.3572,112.4849,72.7,45,29,10.45,RU,2021-08-05 03:22:21
352,Tres Arroyos,-38.3739,-60.2798,49.33,65,0,13.22,AR,2021-08-05 03:22:22
353,Meulaboh,4.1363,96.1285,81.63,71,100,1.74,ID,2021-08-05 03:22:22
354,Shubarshi,48.5872,57.1869,87.03,25,57,9.19,KZ,2021-08-05 03:22:22
355,Groningen,53.25,6.75,59.02,73,0,0.0,NL,2021-08-05 03:22:23
356,Uppsala,60.0,17.75,49.42,98,81,1.14,SE,2021-08-05 03:22:23
357,Illapel,-31.6308,-71.1653,54.72,77,0,0.34,CL,2021-08-05 03:22:23
358,Lodja,-3.4833,23.4333,75.97,39,65,0.72,CD,2021-08-05 03:22:23
359,Fairlie,55.756,-4.8556,60.42,81,100,1.99,GB,2021-08-05 03:22:24
360,Marienburg,54.0359,19.0266,54.88,80,72,4.59,PL,2021-08-05 03:22:24
361,Cidreira,-30.1811,-50.2056,58.77,95,100,9.71,BR,2021-08-05 03:22:24
362,Talcahuano,-36.7167,-73.1167,51.48,87,90,10.36,CL,2021-08-05 03:22:25
363,Broken Hill,-31.95,141.4333,57.69,52,1,12.28,AU,2021-08-05 03:18:32
364,Agde,43.3108,3.4758,67.86,74,0,1.99,FR,2021-08-05 03:22:25
365,Alzamay,55.5562,98.6644,76.51,52,97,0.72,RU,2021-08-05 03:22:26
366,Padang,-0.9492,100.3543,86.05,67,100,3.38,ID,2021-08-05 03:22:26
367,Okato,-39.2,173.8833,56.43,75,6,10.96,NZ,2021-08-05 03:22:26
368,Khorixas,-20.3667,14.9667,55.29,41,0,2.44,NA,2021-08-05 03:21:19
369,Amli,20.2833,73.0167,80.73,85,100,11.81,IN,2021-08-05 03:22:27
370,Kruisfontein,-34.0033,24.7314,57.88,96,99,4.18,ZA,2021-08-05 03:22:27
371,Hervey Bay,-25.2986,152.8535,71.04,43,6,5.01,AU,2021-08-05 03:17:36
372,Atar,20.5169,-13.0499,91.29,26,1,5.86,MR,2021-08-05 03:22:27
373,Vestmanna,62.1564,-7.1664,50.92,100,90,0.0,FO,2021-08-05 03:22:28
374,Yankton,42.8711,-97.3973,75.11,83,90,11.5,US,2021-08-05 03:22:28
375,Geraldton,-28.7667,114.6,63.01,55,0,17.27,AU,2021-08-05 03:22:28
376,Asau,46.4333,26.4,66.4,90,80,3.74,RO,2021-08-05 03:17:53
377,Puquio,-14.7,-74.1333,50.5,67,99,6.31,PE,2021-08-05 03:22:29
378,Aracati,-4.5617,-37.7697,77.68,67,36,10.78,BR,2021-08-05 03:22:29
379,Aras,42.5617,-2.356,57.61,82,0,3.44,ES,2021-08-05 03:22:29
380,Agadez,19.75,10.25,86.79,32,10,6.46,NE,2021-08-05 03:22:30
381,Naryan-Mar,67.6713,53.087,59.56,70,36,9.93,RU,2021-08-05 03:20:01
382,Sawakin,19.1059,37.3321,90.34,48,21,5.57,SD,2021-08-05 03:22:30
383,Maldonado,-34.6667,-54.9167,44.22,93,5,6.4,UY,2021-08-05 03:22:00
384,Adelaide,-34.9333,138.6,60.22,85,75,3.0,AU,2021-08-05 03:22:31
385,Alice Springs,-23.7,133.8833,60.35,33,1,14.97,AU,2021-08-05 03:22:31
386,Eyl,7.9803,49.8164,77.97,70,13,22.12,SO,2021-08-05 03:22:31
387,Luderitz,-26.6481,15.1594,55.4,80,42,3.89,NA,2021-08-05 03:22:31
388,Cururupu,-1.8283,-44.8683,74.07,90,50,2.55,BR,2021-08-05 03:22:32
389,Salinopolis,-0.6136,-47.3561,79.21,81,99,9.84,BR,2021-08-05 03:22:32
390,Acajutla,13.5928,-89.8275,79.79,83,97,5.7,SV,2021-08-05 03:22:32
391,Bonthe,7.5264,-12.505,75.76,89,100,6.67,SL,2021-08-05 03:22:33
392,Puerto Del Rosario,28.5004,-13.8627,71.28,78,43,14.97,ES,2021-08-05 03:22:33
393,Shahdadkot,27.8477,67.9055,92.1,48,1,7.09,PK,2021-08-05 03:22:33
394,Barcelona,41.3888,2.159,71.8,84,20,1.01,ES,2021-08-05 03:18:04
395,The Pas,53.8251,-101.2541,62.62,77,20,5.35,CA,2021-08-05 03:22:34
396,Swellendam,-34.0226,20.4417,55.78,92,97,2.01,ZA,2021-08-05 03:22:34
397,Vatra Moldovitei,47.65,25.5667,61.93,76,71,4.18,RO,2021-08-05 03:22:34
398,Arlit,18.7369,7.3853,88.0,42,28,11.45,NE,2021-08-05 03:22:35
399,Manokwari,-0.8667,134.0833,80.13,79,100,5.82,ID,2021-08-05 03:22:35
400,Lima,-12.0432,-77.0282,61.05,85,90,8.05,PE,2021-08-05 03:19:37
401,Cabatuan,10.8794,122.486,87.73,64,95,15.52,PH,2021-08-05 03:22:35
402,Santa Vitoria Do Palmar,-33.5189,-53.3681,49.86,96,60,5.37,BR,2021-08-05 03:22:36
403,Wollongong,-34.4333,150.8833,68.83,47,12,11.77,AU,2021-08-05 03:22:36
404,Den Helder,52.9599,4.7593,60.78,91,7,5.01,NL,2021-08-05 03:22:36
405,Nizhniy Odes,63.6445,54.856,61.03,75,100,6.91,RU,2021-08-05 03:22:37
406,Dharchula,29.85,80.5333,73.38,95,100,0.63,IN,2021-08-05 03:22:37
407,Vredendal,-31.6683,18.5012,56.1,79,100,3.74,ZA,2021-08-05 03:22:37
408,Visnes,59.3556,5.2242,56.21,94,92,9.22,NO,2021-08-05 03:22:38
409,Trelew,-43.249,-65.3051,64.67,29,24,31.09,AR,2021-08-05 03:22:38
410,Charters Towers,-20.1,146.2667,71.19,19,6,14.05,AU,2021-08-05 03:22:38
411,Komsomolskiy,40.4272,71.7189,80.02,36,0,6.91,UZ,2021-08-05 03:22:39
412,Jackson,42.4165,-122.8345,89.47,39,90,6.91,US,2021-08-05 03:19:12
413,Fare,-16.7,-151.0167,79.56,70,13,12.26,PF,2021-08-05 03:17:47
414,Boa Vista,2.8197,-60.6733,78.78,78,40,4.61,BR,2021-08-05 03:19:26
415,Pychas,56.5033,52.4409,63.05,91,4,8.75,RU,2021-08-05 03:22:39
416,Pirovskoye,57.6267,92.2658,67.91,76,100,2.75,RU,2021-08-05 03:22:40
417,Kaka,37.3482,59.6143,91.63,17,71,12.39,TM,2021-08-05 03:22:40
418,Oksfjord,70.2396,22.3479,50.0,93,100,4.99,NO,2021-08-05 03:22:40
419,Boxtel,51.5833,5.3167,60.24,93,90,1.14,NL,2021-08-05 03:22:40
420,Bayir,37.2687,28.2167,73.92,35,0,4.88,TR,2021-08-05 03:22:41
421,Igrim,63.1906,64.4162,69.1,64,73,7.45,RU,2021-08-05 03:22:41
422,Ternate,0.8,127.4,84.43,67,96,4.23,ID,2021-08-05 03:18:40
423,Lerwick,60.1545,-1.1494,59.0,88,99,14.88,GB,2021-08-05 03:22:42
424,Dakar,14.6937,-17.4441,79.68,85,46,14.74,SN,2021-08-05 03:20:56
425,Santana Do Livramento,-30.8908,-55.5328,50.41,97,100,6.6,BR,2021-08-05 03:22:42
426,Baykit,61.67,96.37,79.23,40,73,4.9,RU,2021-08-05 03:22:42
427,Santander,43.4647,-3.8044,63.46,94,0,1.99,ES,2021-08-05 03:22:43
428,Andijon,40.7821,72.3442,83.48,21,4,2.82,UZ,2021-08-05 03:22:43
429,Hofn,64.2539,-15.2082,52.52,86,38,0.58,IS,2021-08-05 03:22:43
430,Kaeo,-35.1,173.7833,59.32,86,100,11.27,NZ,2021-08-05 03:22:44
431,Jacareacanga,-6.2222,-57.7528,73.13,44,1,0.76,BR,2021-08-05 03:22:44
432,Arica,-18.475,-70.3042,59.23,82,90,4.61,CL,2021-08-05 03:22:44
433,Mandla,22.6,80.3833,75.9,90,100,6.02,IN,2021-08-05 03:22:44
434,Havre-Saint-Pierre,50.2334,-63.5986,52.39,93,1,8.05,CA,2021-08-05 03:22:45
435,Araouane,18.9048,-3.5265,94.48,30,63,10.51,ML,2021-08-05 03:22:45
436,Malinovoye Ozero,51.6753,79.7825,72.09,49,40,8.39,RU,2021-08-05 03:22:45
437,Bandar-E Lengeh,26.5579,54.8807,91.51,79,1,4.61,IR,2021-08-05 03:22:46
438,Shieli,44.1667,66.75,88.77,20,7,14.05,KZ,2021-08-05 03:22:46
439,Matagami,49.7502,-77.6328,62.71,72,1,5.75,CA,2021-08-05 03:22:46
440,Zhangjiakou,40.81,114.8794,78.22,40,78,3.47,CN,2021-08-05 03:18:57
441,Urusha,54.05,122.9,60.55,95,100,3.22,RU,2021-08-05 03:22:47
442,Hanzhong,33.0728,107.0303,79.36,77,100,0.29,CN,2021-08-05 03:22:47
443,San Vicente,-26.6167,-54.1333,51.51,68,80,3.22,AR,2021-08-05 03:22:47
444,Shakawe,-18.3667,21.85,51.93,41,0,5.35,BW,2021-08-05 03:22:48
445,Altamira,-3.2033,-52.2064,74.55,58,34,0.96,BR,2021-08-05 03:22:48
446,Rocha,-34.4833,-54.3333,46.15,96,8,6.11,UY,2021-08-05 03:22:48
447,Longyearbyen,78.2186,15.6401,42.62,91,100,0.81,SJ,2021-08-05 03:22:49
448,Rock Springs,41.5875,-109.2029,75.24,29,20,5.99,US,2021-08-05 03:20:39
449,Viedma,-40.8135,-62.9967,57.76,41,6,19.35,AR,2021-08-05 03:22:49
450,Lusambo,-4.9667,23.45,73.69,32,91,2.13,CD,2021-08-05 03:22:49
451,Buala,-8.145,159.5921,82.29,75,76,9.98,SB,2021-08-05 03:22:50
452,Krasnoselkup,65.7,82.4667,72.57,58,27,4.59,RU,2021-08-05 03:22:50
453,Kutum,14.2,24.6667,73.98,68,99,5.7,SD,2021-08-05 03:22:50
454,Hastings,50.8552,0.5729,57.99,98,60,4.59,GB,2021-08-05 03:22:51
455,Lincoln,40.8,-96.667,78.71,65,1,4.0,US,2021-08-05 03:18:38
456,Realeza,-25.7689,-53.5325,56.43,65,100,7.74,BR,2021-08-05 03:22:51
457,Kyshtovka,56.555,76.6271,63.86,86,30,8.1,RU,2021-08-05 03:22:51
458,Najran,17.4924,44.1277,88.45,52,91,7.85,SA,2021-08-05 03:22:52
459,Tura,25.5198,90.2201,83.23,78,88,1.63,IN,2021-08-05 03:22:52
460,Deep River,46.1001,-77.4995,65.95,70,92,2.93,CA,2021-08-05 03:22:52
461,Fort Nelson,58.8053,-122.7002,63.99,82,75,3.44,CA,2021-08-05 03:22:53
462,Whitehorse,60.7161,-135.0538,69.03,56,75,5.99,CA,2021-08-05 03:22:53
463,Rodino,52.5,80.25,70.07,53,66,8.19,RU,2021-08-05 03:22:53
464,Nuuk,64.1835,-51.7216,47.01,93,75,11.5,GL,2021-08-05 03:22:54
465,Groton,41.3501,-72.0784,67.75,83,90,9.22,US,2021-08-05 03:22:54
466,Gao,16.6362,1.637,91.17,41,81,16.73,ML,2021-08-05 03:22:54
467,Cayenne,4.9333,-52.3333,76.08,89,0,2.3,GF,2021-08-05 03:22:55
468,Qandala,11.472,49.8728,88.54,49,38,8.41,SO,2021-08-05 03:18:45
469,Raga,8.4596,25.678,68.38,92,90,3.0,SS,2021-08-05 03:22:55
470,Yagoua,10.3411,15.2329,74.77,88,100,5.79,CM,2021-08-05 03:22:55
471,Shishou,29.7226,112.419,88.83,70,0,13.42,CN,2021-08-05 03:22:56
472,Yerbogachen,61.2767,108.0108,62.11,89,100,9.8,RU,2021-08-05 03:22:56
473,Saint Anthony,45.0205,-93.218,76.93,59,1,1.01,US,2021-08-05 03:22:56
474,Zhuhai,22.2769,113.5678,85.05,79,100,10.67,CN,2021-08-05 03:22:57
475,Tilichiki,60.4667,166.1,46.71,77,100,18.88,RU,2021-08-05 03:22:57
476,Skibbereen,51.55,-9.2667,58.8,94,100,20.0,IE,2021-08-05 03:22:57
477,Filadelfia,39.9523,-75.1638,69.06,84,100,5.73,US,2021-08-05 03:22:58
478,Belaya Gora,68.5333,146.4167,42.94,87,100,12.68,RU,2021-08-05 03:22:58
479,Faya,18.3851,42.4509,62.71,74,78,4.5,SA,2021-08-05 03:17:59
480,Skagen,57.7209,10.5839,60.53,73,18,7.47,DK,2021-08-05 03:22:58
481,Medicine Hat,50.0501,-110.6683,76.44,67,75,1.99,CA,2021-08-05 03:22:59
482,Atyrau,47.1167,51.8833,80.62,57,0,8.95,KZ,2021-08-05 03:22:59
483,Brae,60.3964,-1.353,58.91,85,100,11.25,GB,2021-08-05 03:22:59
484,Zhigansk,66.7697,123.3711,72.32,32,0,9.19,RU,2021-08-05 03:23:00
485,Benguela,-12.5763,13.4055,68.49,88,9,1.61,AO,2021-08-05 03:23:00
486,Margau,46.75,22.9667,51.35,58,77,6.24,RO,2021-08-05 03:23:00
487,Ofaqim,31.3141,34.6203,74.73,52,0,1.7,IL,2021-08-05 03:23:01
488,Pedernales,18.0384,-71.744,80.87,70,60,4.45,DO,2021-08-05 03:23:01
489,Nevesinje,43.2586,18.1133,76.01,57,51,7.76,BA,2021-08-05 03:23:01
490,Makakilo City,21.3469,-158.0858,84.52,54,1,13.8,US,2021-08-05 03:23:01
491,Chapais,49.7834,-74.8492,58.78,71,0,5.64,CA,2021-08-05 03:23:02
492,Kristiinankaupunki,62.2743,21.376,52.23,77,8,6.93,FI,2021-08-05 03:23:02
493,Vanimo,-2.6741,141.3028,83.97,74,49,3.83,PG,2021-08-05 03:23:02
494,Birao,10.2849,22.7882,70.72,95,64,2.82,CF,2021-08-05 03:23:03
495,Ahipara,-35.1667,173.1667,59.4,76,92,11.99,NZ,2021-08-05 03:19:12
496,Nerchinskiy Zavod,51.3088,119.61,58.06,94,100,5.57,RU,2021-08-05 03:23:03
497,Khetia,21.6667,74.5833,80.26,80,100,10.74,IN,2021-08-05 03:23:03
498,Santeramo In Colle,40.793,16.7553,82.56,59,0,8.05,IT,2021-08-05 03:23:04
499,Beryslav,46.8415,33.4284,72.01,55,35,6.6,UA,2021-08-05 03:23:04
500,Kanturk,52.1667,-8.9,58.21,98,100,15.32,IE,2021-08-05 03:23:05
501,Mount Isa,-20.7333,139.5,67.77,21,45,16.11,AU,2021-08-05 03:23:05
502,Hun,29.1268,15.9477,84.15,25,0,2.26,LY,2021-08-05 03:23:05
503,Nyurba,63.2842,118.3319,81.52,30,6,8.21,RU,2021-08-05 03:23:06
504,Porto Velho,-8.7619,-63.9039,75.25,64,0,0.0,BR,2021-08-05 03:23:06
505,Mezen,65.8522,44.24,50.45,81,100,10.74,RU,2021-08-05 03:23:06
506,Governador Valadares,-18.8511,-41.9494,65.91,69,100,2.62,BR,2021-08-05 03:23:06
507,Beni,0.5,29.4667,60.57,97,7,1.74,CD,2021-08-05 03:23:07
508,Candelaria,13.9311,121.4233,87.39,55,91,8.72,PH,2021-08-05 03:23:07
509,Pevek,69.7008,170.3133,43.14,84,62,20.45,RU,2021-08-05 03:23:07
510,Vrutky,49.1133,18.9171,64.98,98,100,3.22,SK,2021-08-05 03:23:08
511,Flin Flon,54.7682,-101.865,62.28,44,16,5.75,CA,2021-08-05 03:23:08
512,Vilhena,-12.7406,-60.1458,66.85,51,28,2.37,BR,2021-08-05 03:20:39
513,Itarema,-2.9248,-39.9167,77.38,82,91,10.98,BR,2021-08-05 03:23:08
514,Whangarei,-35.7317,174.3239,59.49,73,100,5.88,NZ,2021-08-05 03:23:09
515,Innellan,55.8919,-4.9616,59.99,93,100,7.83,GB,2021-08-05 03:23:09
516,Sumbe,-11.2061,13.8437,69.42,90,1,1.21,AO,2021-08-05 03:23:09
517,Juneau,58.3019,-134.4197,62.65,91,90,4.61,US,2021-08-05 03:23:10
518,Shellbrook,53.2168,-106.4011,65.43,79,47,5.03,CA,2021-08-05 03:23:10
519,Tiarei,-17.5333,-149.3333,80.62,74,21,11.12,PF,2021-08-05 03:23:10
520,Katherine,-14.4667,132.2667,79.12,17,13,13.8,AU,2021-08-05 03:23:11
521,Hobyo,5.3505,48.5268,76.12,86,100,22.41,SO,2021-08-05 03:18:45
522,Tigil,57.8,158.6667,50.41,75,97,15.37,RU,2021-08-05 03:23:11
523,Yar-Sale,66.8333,70.8333,67.89,57,84,3.65,RU,2021-08-05 03:23:11
524,Richards Bay,-28.783,32.0377,59.34,86,0,8.16,ZA,2021-08-05 03:23:12
525,Kurchum,48.5722,83.6542,77.4,34,11,5.48,KZ,2021-08-05 03:23:12
526,Havelock,34.8791,-76.9013,73.92,94,90,1.01,US,2021-08-05 03:23:12
527,Sao Gabriel Da Cachoeira,-0.1303,-67.0892,71.8,92,98,1.32,BR,2021-08-05 03:23:13
528,Rodbyhavn,54.6544,11.352,56.14,70,75,9.84,DK,2021-08-05 03:23:13
529,Chulman,56.8479,124.9104,67.78,78,100,2.46,RU,2021-08-05 03:23:13
530,Nishihara,26.1842,127.7558,82.06,95,90,10.36,JP,2021-08-05 03:23:14
531,Palpa,-14.5336,-75.1856,68.72,61,23,3.11,PE,2021-08-05 03:23:14
532,Fez,34.0372,-4.9998,70.05,56,0,6.91,MA,2021-08-05 03:21:39
533,Lavumisa,-27.31,31.892,55.42,89,0,4.25,SZ,2021-08-05 03:23:14
534,Aktash,50.3,87.7333,54.19,66,35,1.86,RU,2021-08-05 03:23:15
535,Katobu,-4.9408,122.5276,80.76,79,83,6.62,ID,2021-08-05 03:23:15
536,Bubaque,11.2833,-15.8333,78.55,83,100,8.57,GW,2021-08-05 03:23:15
537,Port Moresby,-9.4431,147.1797,80.28,77,46,18.52,PG,2021-08-05 03:23:16
538,Lake Havasu City,34.4839,-114.3224,112.06,8,1,1.99,US,2021-08-05 03:22:33
539,Kungurtug,50.5994,97.5228,75.38,36,58,0.78,RU,2021-08-05 03:23:16
540,Camacha,33.0833,-16.3333,71.53,83,75,14.97,PT,2021-08-05 03:23:16
541,Saquena,-4.6667,-73.5167,76.93,57,100,0.83,PE,2021-08-05 03:23:17
542,Luena,-11.7833,19.9167,51.53,38,0,3.6,AO,2021-08-05 03:23:17
543,Beira,-19.8436,34.8389,64.89,88,49,2.84,MZ,2021-08-05 03:19:52
544,Mahibadhoo,3.7833,72.9667,81.91,76,28,6.22,MV,2021-08-05 03:21:15
545,Ossora,59.2353,163.0719,52.97,59,94,18.03,RU,2021-08-05 03:23:18
546,Chivay,-15.6383,-71.6011,40.69,78,97,2.86,PE,2021-08-05 03:23:18
547,Sigli,5.3848,95.9609,86.79,55,100,5.14,ID,2021-08-05 03:23:18
548,Boguchany,58.3814,97.4531,78.17,42,36,5.41,RU,2021-08-05 03:23:19
549,Taguatinga,-12.3857,-46.5711,73.89,36,48,8.7,BR,2021-08-05 03:23:19
550,Worcester,42.3334,-71.8328,65.48,90,90,3.0,US,2021-08-05 03:20:12
551,Praia Da Vitoria,38.7333,-27.0667,73.65,88,75,10.67,PT,2021-08-05 03:23:19
552,Zharkent,44.1628,80.0,81.99,28,34,4.83,KZ,2021-08-05 03:23:20
553,Touros,-5.1989,-35.4608,72.5,85,41,15.23,BR,2021-08-05 03:23:20
554,Hays,30.0502,-98.0336,81.81,81,100,1.01,US,2021-08-05 03:23:20
555,Bilimora,20.7672,72.9693,82.31,86,99,14.25,IN,2021-08-05 03:23:21
556,Mazagao,-0.115,-51.2894,84.25,90,40,3.11,BR,2021-08-05 03:23:21
557,Jumla,29.2747,82.1838,67.05,88,97,2.84,NP,2021-08-05 03:23:21
558,Berbera,10.4396,45.0143,89.8,39,55,20.38,SO,2021-08-05 03:23:22
559,Khandyga,62.6667,135.6,79.16,23,35,5.55,RU,2021-08-05 03:23:22
560,Matara,5.9485,80.5353,81.36,80,96,12.8,LK,2021-08-05 03:23:22
561,Sabha,27.0377,14.4283,85.68,17,0,10.67,LY,2021-08-05 03:23:23
562,Amapa,1.0,-52.0,71.17,97,100,2.8,BR,2021-08-05 03:23:23
563,Khasan,42.4308,130.6434,80.67,69,94,4.29,RU,2021-08-05 03:23:23
564,Guangyuan,32.442,105.823,82.36,62,99,6.26,CN,2021-08-05 03:23:24
565,Laguna De Duero,41.5815,-4.7233,61.95,68,0,4.61,ES,2021-08-05 03:23:24
566,Santa Marta,11.2408,-74.199,85.98,77,75,2.3,CO,2021-08-05 03:19:12
567,Haicheng,40.8516,122.7475,77.34,73,100,6.08,CN,2021-08-05 03:23:24
568,Maniitsoq,65.4167,-52.9,45.16,96,100,13.71,GL,2021-08-05 03:23:25
569,Pisco,-13.7,-76.2167,62.65,88,90,4.61,PE,2021-08-05 03:23:25
570,Datong,40.0936,113.2914,80.19,27,2,7.05,CN,2021-08-05 03:23:25
571,Bonavista,48.6499,-53.1147,61.12,74,100,6.96,CA,2021-08-05 03:23:26
572,Anadyr,64.75,177.4833,72.1,49,0,29.08,RU,2021-08-05 03:23:26
573,Lazaro Cardenas,17.9583,-102.2,79.48,88,100,4.23,MX,2021-08-05 03:23:26
574,Sibolga,1.7427,98.7792,83.91,63,97,3.02,ID,2021-08-05 03:23:27
575,Galle,6.0367,80.217,80.51,83,98,14.34,LK,2021-08-05 03:23:27
576,Mala,-12.6581,-76.6308,64.89,82,99,5.44,PE,2021-08-05 03:23:27
577,Menongue,-14.6585,17.691,49.96,39,0,4.36,AO,2021-08-05 03:23:28
578,Ambo,-10.1308,-76.2047,57.51,77,65,2.62,PE,2021-08-05 03:23:28
579,Xai-Xai,-25.0519,33.6442,56.82,81,0,5.61,MZ,2021-08-05 03:23:28
580,Ilave,-16.0833,-69.6667,36.59,92,99,5.84,PE,2021-08-05 03:23:29
581,Iturama,-19.7281,-50.1956,64.33,45,100,4.25,BR,2021-08-05 03:23:29
582,Sangar,63.9242,127.4739,77.11,22,29,7.63,RU,2021-08-05 03:23:29
583,Kaseda,31.4167,130.3167,88.84,59,12,11.83,JP,2021-08-05 03:23:29
584,Apple Valley,34.5008,-117.1859,95.63,21,2,10.65,US,2021-08-05 03:20:17
585,Carlisle,40.2015,-77.1889,67.78,79,54,2.86,US,2021-08-05 03:23:30
586,Romny,50.751,33.4747,62.56,59,90,6.13,UA,2021-08-05 03:23:30
